mutation,706,Cladosporin,minimal_edit_distance
Asn339Asn,2.4,NA,1
Asn339Glu,28.5,30.8,2
Asn339Lys,5.2,2.5,1
Asn339Met,28.4,56.2,2
Asn339Phe,2.4,NA,2
Cys345Arg,2.3,5,1
Cys345Asp,2.4,5.3,2
His338Gln,2.4,NA,1
His338Stop,32.3,16,2
Phe329Pro,5.7,2.4,2
Phe329Stop,2.2,NA,2
Phe342His,11.8,NA,2
Phe342Tyr,12,20.6,1
Pro340Phe,2.5,NA,2
Ser344Ile,6.1,13.1,3
Ser344Leu,15.5,25.3,1
Ser344Met,67.4,73.5,2
Thr343Stop,8.2,11.8,3
Thr343Tyr,2.2,NA,2
Val328Asn,4.3,NA,3
Val328Gly,17.2,7.5,1
Val328His,3.6,2.3,3
Val328Leu,4.2,NA,1
Val328Phe,2.8,NA,2
Val328Ser,15.3,10.8,2
