Ala	GCT
Ala	GCC
Ala	GCA
Ala	GCG
Cys	TGT
Cys	TGC
Asp	GAT
Asp	GAC
Glu	GAA
Glu	GAG
Phe	TTT
Phe	TTC
Gly	GGT
Gly	GGC
Gly	GGA
Gly	GGG
His	CAT
His	CAC
Ile	ATT
Ile	ATC
Ile	ATA
Lys	AAA
Lys	AAG
Leu	TTA
Leu	TTG
Leu	CTT
Leu	CTC
Leu	CTA
Leu	CTG
Met	ATG
Asn	AAT
Asn	AAC
Pro	CCT
Pro	CCC
Pro	CCA
Pro	CCG
Gln	CAA
Gln	CAG
Arg	CGT
Arg	CGC
Arg	CGA
Arg	CGG
Arg	AGA
Arg	AGG
Ser	TCT
Ser	TCC
Ser	TCA
Ser	TCG
Ser	AGT
Ser	AGC
Stop	TAA
Stop	TAG
Stop	TGA
Thr	ACT
Thr	ACC
Thr	ACA
Thr	ACG
Val	GTT
Val	GTC
Val	GTA
Val	GTG
Trp	TGG
Tyr	TAT
Tyr	TAC
